Dni,Nombre,Apellidos,Sexo
3071396L,Acacio,Iglesias Ortiz,masculino
15216160R,Matilde,Moreno Serrano,femenino
99876326L,Héctor,Herrera Sanz,masculino
60496773X,Matilde,Serrano Durán,femenino
31717797F,Montserrat,Domínguez Ibáñez,femenino
41401336G,Hildegarda,García López,femenino
60154833B,Emiliano,Crespo Gómez,masculino
84664296M,Eva,Cabrera Parra,femenino
8826759T,Tobías,Garrido Vargas,masculino
10860985N,Lorena,Santos Ferrer,femenino
12871442H,Valentín,León Rubio,masculino
15904824G,Absalón,Vega Pastor,masculino
44092818A,Marina,Herrero Márquez,femenino
38305147R,Carina,Castillo Santos,femenino
66690374X,Elías,Ortiz Santos,masculino
86968920Y,Jonás,Caballero Moya,masculino
25335796M,Adón,Cruz Cabrera,masculino
77864880Q,Aurelia,Serrano Soto,femenino
92479786K,Blanca,Ortega Herrera,femenino
29528702V,Silvia,Vázquez Ibáñez,femenino
4994580F,Paula,Díez Garrido,femenino
97172999W,Alfredo,Gallego Moreno,masculino
1605467H,Dimas,Cortés Carmona,femenino
83076109N,Dolores,Vázquez Castillo,femenino
32037163T,Alicia,Mora Pérez,femenino
46958759R,Sandra,Ruiz Guerrero,femenino
46398629P,Wilfredo,Marín Montero,masculino
54217891V,Rigoberto,Soler Muñoz,masculino
89052558M,Araceli,Sanz Sánchez,femenino
42172054Q,Encarnación,Cruz González,femenino
15063370T,Wilfredo,Santana Santiago,masculino
54882944L,Porfirio,Rey Montero,masculino
19290251Q,Vicenta,Hidalgo Núñez,femenino
95652806F,Dimas,Guerrero Calvo,femenino
18289471Y,Félix,Parra García,masculino
72957628J,Rosalia,Sanz López,femenino
53412739W,Humberto,Marín Torres,masculino
70361117W,Andrea,Caballero Ramos,femenino
89836151V,Ana,Hernández Moya,femenino
53864700X,Verónica,Gómez Aguilar,femenino
70726880N,Jaime,Torres Nieto,masculino
41183870A,Mónica,Rodríguez Álvarez,femenino
48352376C,Antonia,Peña Romero,femenino
96601443N,Emilia,Méndez Blanco,femenino
54659599E,Agustín,Crespo Santos,masculino
82333335C,Alba,Santana Crespo,femenino
92699364T,Cirilo,Román Peña,masculino
92752702R,Timoteo,Campos León,masculino
27243602D,Marta,Martínez Santana,femenino
21353474H,Bartolomé,Soto Reyes,masculino
28040943D,Amadeo,León Gallego,masculino
61994334Z,Guzmán,Medina Montoro,masculino
72378744H,Pilar,García Herrero,femenino
25749516R,Rosario,Vargas Márquez,femenino
44967305C,Otilia,Sanz Velasco,femenino
62602815B,Irene,González Delgado,femenino
82634636K,Salomón,Carrasco Calvo,masculino
13256456F,Vicenta,Santana Montero,femenino
98917891S,Dimas,Moreno Martínez,femenino
80486549R,Virgilio,Navarro Gallardo,masculino
89360150H,Eva,Díaz Serrano,femenino
1762090V,Araceli,Nieto Pérez,femenino
62168924P,Ceferino,Gallardo Carrasco,masculino
25254536E,Nuria,Pascual Lozano,femenino
60865428L,Irene,Navarro Soto,femenino
39900226D,Celia,Núñez Castro,femenino
45651290P,Albina,González Fuentes,femenino
86838017L,Blanca,Montero Giménez,femenino
78442032T,Amparo,Ortiz Hidalgo,femenino
84329674Q,Honorio,Molina Cano,masculino
12864357S,Leandro,Cruz Bravo,masculino
31180732W,Silvia,Crespo Fernández,femenino
24986841Y,Matilde,Torres Carmona,femenino
14714663L,Marcelo,Delgado Vicente,masculino
33151378K,Concepción,Márquez Morales,femenino
38513388T,Alejandra,Torres Ramos,femenino
45995345V,Marta,Gómez Peña,femenino
2422283F,Primo,Bravo Mora,masculino
46602073G,Edmundo,Romero Morales,masculino
12728002Y,Heraclio,Serrano Garrido,masculino
67689948C,Rosa,Guerrero Rubio,femenino
73952614A,Amaro,Díez Carrasco,masculino
37848048E,Tito,Peña Castillo,masculino
15367700S,Toribio,Martín Serrano,masculino
82048901B,Elisa,Jiménez Santiago,femenino
35117141C,Rebeca,Hidalgo Delgado,femenino
41016654J,Guadalupe,Santana Lorenzo,femenino
2747646S,Lidia,Méndez Sáez,femenino
33501493F,Tadeo,Bravo Medina,masculino
46981053X,Valentín,Moya Ramos,masculino
23108926H,Josefina,Gallardo Romero,femenino
69722673Q,Celina,Blesa Gallardo,femenino
67055127E,Andrea,Gil Vázquez,femenino
69585141H,Isaac,Carmona Román,masculino
18067204V,Zacarías,Blesa Vidal,masculino
28617286Z,Casimiro,Campos Cambil,masculino
22619922S,Aarón,Romero López,masculino
14462816G,Ángela,Rodríguez Carmona,femenino
8798094Z,Ceferino,Herrera Morales,masculino
76833635Z,Rosa,Gallardo Vega,femenino
85296425C,Gregorio,Velasco Peña,masculino
71967925C,Ángel,Sáez Aguilar,masculino
79416366X,Ascensión,Ramos Medina,femenino
31653089K,Casio,Giménez Vicente,masculino
26392093E,Noelia,Suárez García,femenino
4429008Q,Guillermo,Parra Román,masculino
84975426N,Benjamín,Hernández Lorenzo,masculino
35747055J,Borja,Domínguez Parra,masculino
94932173J,Agustín,Crespo Blanco,masculino
21145568B,Guillermo,Muñoz Morales,masculino
10949989X,Francisca,Caballero Calvo,femenino
61912620A,Jacob,Gutiérrez Ramírez,masculino
44430566N,Fabiola,Navarro Lorenzo,femenino
76242017E,Toribio,Blesa Romero,masculino
19736559K,Vanesa,Soto Hernández,femenino
70548714Y,Julia,Giménez Rey,femenino
4686349E,Rafael,Blesa Aguilar,masculino
55394918P,Gregorio,Fernández Pastor,masculino
6437392V,Alfonso,Aguilar Castillo,masculino
98388331B,Elena,León Vázquez,femenino
33371548S,Álvaro,Santos Gutiérrez,masculino
42449140J,Gustavo,Marín Álvarez,masculino
11193480A,Marcelino,Morales Cortés,masculino
82002515N,Carina,Sánchez Cruz,femenino
7175783Q,Ascensión,Márquez Carmona,femenino
81938542E,Nuria,Navarro Morales,femenino
60332279Q,Anna,Lorenzo Gutiérrez,femenino
44591669C,Asunción,Ibáñez Reyes,femenino
37273450J,Victoria,Flores Vázquez,femenino
78526851H,Bárbara,Gutiérrez Soto,femenino
33595736R,Rufo,López Cano,masculino
99579873P,Blas,Álvarez Martín,masculino
18879015N,Fulgencio,Gil Cambil,masculino
99384296M,Belén,Ibáñez Marín,femenino
79714264Q,Jordi,Rubio Vicente,masculino
49527789T,Albina,Herrera Suárez,femenino
49656072F,Amelia,Peña Molina,femenino
70515690Q,Magdalena,Blesa Montoro,femenino
27592291Z,Pilar,Fernández Iglesias,femenino
83879788E,Salomé,Méndez Herrero,masculino
76745801L,Casio,Soto Morales,masculino
83055530W,Josefa,Ruiz Santana,femenino
65371019C,Susana,Carmona Gallego,femenino
4060944J,Jonás,Blesa Castro,masculino
57180412S,Alipio,Díaz Aguilar,masculino
50545776D,Bernardo,Hernández Medina,masculino
84633977T,Felipe,Prieto Santana,masculino
29439495A,Susana,Márquez López,femenino
41447242W,Cecilia,Carrasco Arias,femenino
83211915M,Cayetano,Ramos Cortés,masculino
